DurationTime,NumberOfProcessedDatasets,NumberOfDatasetsInDatabase
4.272798935572307,1125,10000
9.611681381861368,2255,20000
14.166181087493896,3370,30000
18.571211258570354,4430,40000
22.76758114496867,5570,50000
27.740037361780804,6670,60000
33.20400412877401,7730,70000
37.8562703927358,8865,80000
43.600467681884766,10020,90000
47.71582281589508,11130,100000
